{ 
    "ticket_fields": {
        "locuslabs_account": {
            "type": "text",
            "title": "LocusLabs Account",
            "raw_title": "LocusLabs Account",
            "description": "The LocusLabs Account associated with the ticket requester.",
            "raw_description": "The LocusLabs Account associated with the ticket requester.",
            "position": 8,
            "active": true,
            "required": true,
            "collapsed_for_agents": false,
            "regexp_for_validation": null,
            "title_in_portal": "LocusLabs Account",
            "raw_title_in_portal": "LocusLabs Account",
            "visible_in_portal": true,
            "editable_in_portal": false,
            "required_in_portal": true,
            "tag": null
        },
        "venue_identifier": {
            "type": "text",
            "title": "Venue Identifier",
            "raw_title": "Venue Identifier",
            "description": "LocusLabs venue id associating a venue with this ticket.",
            "raw_description": "LocusLabs venue id associating a venue with this ticket.",
            "position": 9,
            "active": true,
            "required": true,
            "collapsed_for_agents": false,
            "regexp_for_validation": null,
            "title_in_portal": "Venue Identifier",
            "raw_title_in_portal": "Venue Identifier",
            "visible_in_portal": true,
            "editable_in_portal": false,
            "required_in_portal": true,
            "tag": null,
            "agent_description": "Venue Identifiers generally match an Airport IATA Code format."
        },
        "geohash": {
            "type": "text",
            "title": "Geohash",
            "raw_title": "Geohash",
            "description": "A geohash associating a geographic location with a ticket.",
            "raw_description": "A geohash associating a geographic location with a ticket.",
            "position": 12,
            "active": true,
            "required": true,
            "collapsed_for_agents": false,
            "regexp_for_validation": null,
            "title_in_portal": "Geohash",
            "raw_title_in_portal": "Geohash",
            "visible_in_portal": true,
            "editable_in_portal": false,
            "required_in_portal": true,
            "tag": null
        },
        "building_identifier": {
            "type": "text",
            "title": "Building Identifier",
            "raw_title": "Building Identifier",
            "description": "LocusLabs building id associating a venue building with this ticket.",
            "raw_description": "LocusLabs building id associating a venue building with a ticket.",
            "position": 10,
            "active": true,
            "required": true,
            "collapsed_for_agents": false,
            "regexp_for_validation": null,
            "title_in_portal": "Building Identifier",
            "raw_title_in_portal": "Building Identifier",
            "visible_in_portal": true,
            "editable_in_portal": false,
            "required_in_portal": true,
            "tag": null
        },
        "floor_identifier": {
            "type": "text",
            "title": "Floor Identifier",
            "raw_title": "Floor Identifier",
            "description": "LocusLabs floor id associating a venue floor with a ticket.",
            "raw_description": "LocusLabs floor id associating a venue floor with a ticket.",
            "position": 11,
            "active": true,
            "required": true,
            "collapsed_for_agents": false,
            "regexp_for_validation": null,
            "title_in_portal": "Floor Identifier",
            "raw_title_in_portal": "Floor Identifier",
            "visible_in_portal": true,
            "editable_in_portal": false,
            "required_in_portal": true,
            "tag": null
        },
        "latitude": {
            "type": "decimal",
            "title": "Latitude",
            "raw_title": "Latitude",
            "description": "A latitude associating a latitudinal plane with a ticket.",
            "raw_description": "A latitude associating a latitudinal plane with a ticket.",
            "position": 13,
            "active": true,
            "required": true,
            "collapsed_for_agents": false,
            "regexp_for_validation": null,
            "title_in_portal": "Latitude",
            "raw_title_in_portal": "Latitude",
            "visible_in_portal": true,
            "editable_in_portal": false,
            "required_in_portal": true,
            "tag": null
        },
        "longitude": {
            "type": "decimal",
            "title": "Longitude",
            "raw_title": "Longitude",
            "description": "A longitude associating a longitudinal plane with a ticket.",
            "raw_description": "A longitude associating a longitudinal plane with a ticket.",
            "position": 14,
            "active": true,
            "required": true,
            "collapsed_for_agents": false,
            "regexp_for_validation": null,
            "title_in_portal": "Longitude",
            "raw_title_in_portal": "Longitude",
            "visible_in_portal": true,
            "editable_in_portal": false,
            "required_in_portal": true,
            "tag": null
        },
        "ordinal": {
            "type": "text",
            "title": "Ordinal",
            "raw_title": "Ordinal",
            "description": "LocusLabs building orginal associating a collection of venue floors with a ticket.",
            "raw_description": "LocusLabs building orginal associating a collection of venue floors with a ticket.",
            "position": 11,
            "active": true,
            "required": true,
            "collapsed_for_agents": false,
            "regexp_for_validation": null,
            "title_in_portal": "Ordinal",
            "raw_title_in_portal": "Ordinal",
            "visible_in_portal": true,
            "editable_in_portal": false,
            "required_in_portal": true,
            "tag": null
        }
    }
}